PRAGMA foreign_keys=OFF;
BEGIN TRANSACTION;
CREATE TABLE IF NOT EXISTS "migrations" ("id" integer primary key autoincrement not null, "migration" varchar not null, "batch" integer not null);
INSERT INTO migrations VALUES(1,'0001_01_01_000000_create_users_table',1);
INSERT INTO migrations VALUES(2,'0001_01_01_000001_create_cache_table',1);
INSERT INTO migrations VALUES(3,'0001_01_01_000002_create_jobs_table',1);
INSERT INTO migrations VALUES(4,'2024_12_14_075616_add_two_factor_columns_to_users_table',1);
INSERT INTO migrations VALUES(5,'2024_12_14_075750_create_personal_access_tokens_table',1);
INSERT INTO migrations VALUES(6,'2024_12_14_082148_create_pharmacies_table',1);
INSERT INTO migrations VALUES(7,'2024_12_14_082939_create_staff_table',1);
INSERT INTO migrations VALUES(8,'2024_12_14_083751_create_sales_table',1);
INSERT INTO migrations VALUES(9,'2024_12_14_083756_create_stocks_table',1);
INSERT INTO migrations VALUES(10,'2024_12_14_083828_create_items_table',1);
INSERT INTO migrations VALUES(11,'2024_12_14_084931_create_categories_table',1);
INSERT INTO migrations VALUES(12,'2024_12_24_094227_create_packages_table',1);
INSERT INTO migrations VALUES(13,'2024_12_25_204153_create_medicines_table',1);
INSERT INTO migrations VALUES(14,'2024_12_30_140411_create_notifications_table',1);
INSERT INTO migrations VALUES(15,'2025_01_07_131737_modify_packages_table',1);
INSERT INTO migrations VALUES(16,'2025_01_07_153201_create_contracts_table',1);
INSERT INTO migrations VALUES(17,'2025_01_27_144323_create_printer_settings_table',1);
INSERT INTO migrations VALUES(18,'2025_01_31_150331_create_sale_notes_table',1);
INSERT INTO migrations VALUES(19,'2025_02_26_110400_add_agent_id_to_pharmacies_table',1);
INSERT INTO migrations VALUES(20,'2025_03_12_141314_create_messages_table',1);
INSERT INTO migrations VALUES(21,'2025_03_12_142856_create_conversations_table',1);
INSERT INTO migrations VALUES(22,'2025_03_12_142954_create_conversations_users_table',1);
INSERT INTO migrations VALUES(23,'2025_03_12_145835_create_message_user_read_table',1);
INSERT INTO migrations VALUES(24,'2025_03_13_105438_create_sales_returns_table',1);
INSERT INTO migrations VALUES(25,'2025_03_26_135656_create_agents_table',1);
INSERT INTO migrations VALUES(26,'2025_04_03_160441_create_audits_table',1);
INSERT INTO migrations VALUES(27,'2025_04_12_223715_create_stock_transfers_table',1);
CREATE TABLE IF NOT EXISTS "users" ("id" integer primary key autoincrement not null, "name" varchar not null, "email" varchar not null, "role" varchar, "phone" varchar, "email_verified_at" datetime, "password" varchar not null, "remember_token" varchar, "current_team_id" integer, "profile_photo_path" varchar, "created_at" datetime, "updated_at" datetime, "two_factor_secret" text, "two_factor_recovery_codes" text, "two_factor_confirmed_at" datetime);
INSERT INTO users VALUES(1,'Super Admin','info@skylinksolutions.co.tz','super','0742177328','2025-05-02 13:49:24','$2y$12$.uvi4PHOtd14yA6yjEDBweNo9EhWTuvXJ3nCuglQCbmtQrNzKc9pq','QA8a0fAA9d7Et505la9duHJMj8BTcCLDMVYkm0Nv2LDFD3SSssgNwSBCOm4z',NULL,NULL,'2025-05-02 13:49:25','2025-05-02 13:49:25',NULL,NULL,NULL);
INSERT INTO users VALUES(2,'Default Owner','micksimon30@gmail.com','owner','0742177328','2025-05-02 13:49:25','$2y$12$niVCv6RhBG/VnpbMNVWaA.oMxvtpFKZsliLCmUkfeLzbK0ucgtfdq','eflUDTG20tMmblqJvWDHMRjrW6Myep7EkgAOlfMFPlk4xQ423ocKa7tGjMBj',NULL,NULL,'2025-05-02 13:49:25','2025-08-19 09:31:22',NULL,NULL,NULL);
INSERT INTO users VALUES(3,'Default Staff','staff@mail.com','staff','0742177328','2025-05-02 13:49:25','$2y$12$7gr1Y5pbjcAyGGpiTXdEber5owXNzHCwy1kqxa5pGJxodHD0u5yxm','Dfew4l4NAA',NULL,NULL,'2025-05-02 13:49:25','2025-05-02 13:49:25',NULL,NULL,NULL);
CREATE TABLE IF NOT EXISTS "password_reset_tokens" ("email" varchar not null, "token" varchar not null, "created_at" datetime, primary key ("email"));
CREATE TABLE IF NOT EXISTS "sessions" ("id" varchar not null, "user_id" integer, "ip_address" varchar, "user_agent" text, "payload" text not null, "last_activity" integer not null, primary key ("id"));
INSERT INTO sessions VALUES('kN1dJIJN7YZ13RKgfWbGDA7NezSKRwD0PCOOIEwc',2,'127.0.0.1','Mozilla/5.0 (X11; Linux x86_64) AppleWebKit/537.36 (KHTML, like Gecko) Chrome/139.0.0.0 Safari/537.36','YToxNDp7czo2OiJfdG9rZW4iO3M6NDA6IlVoVWl4YWRwNEVBNkQzcGF6TlNCWnVGTTlsUk1XOTBqa0lJTGhDbzIiO3M6OToiX3ByZXZpb3VzIjthOjE6e3M6MzoidXJsIjtzOjI3OiJodHRwOi8vMTI3LjAuMC4xOjgwMDAvc2FsZXMiO31zOjY6Il9mbGFzaCI7YToyOntzOjM6Im9sZCI7YTowOnt9czozOiJuZXciO2E6MDp7fX1zOjUwOiJsb2dpbl93ZWJfNTliYTM2YWRkYzJiMmY5NDAxNTgwZjAxNGM3ZjU4ZWE0ZTMwOTg5ZCI7aToyO3M6MTM6InBoYXJtYWN5X25hbWUiO3M6MTY6IkRlZmF1bHQgUGhhcm1hY3kiO3M6ODoibG9jYXRpb24iO3M6ODoiTW9yb2dvcm8iO3M6NToiYWdlbnQiO2k6MTtzOjk6ImFnZW50RGF0YSI7TzoxNToiQXBwXE1vZGVsc1xVc2VyIjo0MDp7czoxMzoiACoAY29ubmVjdGlvbiI7czo2OiJzcWxpdGUiO3M6ODoiACoAdGFibGUiO3M6NToidXNlcnMiO3M6MTM6IgAqAHByaW1hcnlLZXkiO3M6MjoiaWQiO3M6MTA6IgAqAGtleVR5cGUiO3M6MzoiaW50IjtzOjEyOiJpbmNyZW1lbnRpbmciO2I6MTtzOjc6IgAqAHdpdGgiO2E6MDp7fXM6MTI6IgAqAHdpdGhDb3VudCI7YTowOnt9czoxOToicHJldmVudHNMYXp5TG9hZGluZyI7YjowO3M6MTA6IgAqAHBlclBhZ2UiO2k6MTU7czo2OiJleGlzdHMiO2I6MTtzOjE4OiJ3YXNSZWNlbnRseUNyZWF0ZWQiO2I6MDtzOjI4OiIAKgBlc2NhcGVXaGVuQ2FzdGluZ1RvU3RyaW5nIjtiOjA7czoxMzoiACoAYXR0cmlidXRlcyI7YToxNTp7czoyOiJpZCI7aToxO3M6NDoibmFtZSI7czoxMToiU3VwZXIgQWRtaW4iO3M6NToiZW1haWwiO3M6Mjc6ImluZm9Ac2t5bGlua3NvbHV0aW9ucy5jby50eiI7czo0OiJyb2xlIjtzOjU6InN1cGVyIjtzOjU6InBob25lIjtzOjEwOiIwNzQyMTc3MzI4IjtzOjE3OiJlbWFpbF92ZXJpZmllZF9hdCI7czoxOToiMjAyNS0wNS0wMiAxMzo0OToyNCI7czo4OiJwYXNzd29yZCI7czo2MDoiJDJ5JDEyJC51dmk0UEhPdGQxNHlBNnlqRURCd2VObzlFaFdUdXZYSjNuQ3VnbFFDYm10UXJOektjOXBxIjtzOjE0OiJyZW1lbWJlcl90b2tlbiI7czo2MDoiUUE4YTBmQUE5ZDdFdDUwNWxhOWR1SEpNajhCVGNDTERNVllrbTBOdjJMREZEM1NTc3NnTndTQkNPbTR6IjtzOjE1OiJjdXJyZW50X3RlYW1faWQiO047czoxODoicHJvZmlsZV9waG90b19wYXRoIjtOO3M6MTA6ImNyZWF0ZWRfYXQiO3M6MTk6IjIwMjUtMDUtMDIgMTM6NDk6MjUiO3M6MTA6InVwZGF0ZWRfYXQiO3M6MTk6IjIwMjUtMDUtMDIgMTM6NDk6MjUiO3M6MTc6InR3b19mYWN0b3Jfc2VjcmV0IjtOO3M6MjU6InR3b19mYWN0b3JfcmVjb3ZlcnlfY29kZXMiO047czoyMzoidHdvX2ZhY3Rvcl9jb25maXJtZWRfYXQiO047fXM6MTE6IgAqAG9yaWdpbmFsIjthOjE1OntzOjI6ImlkIjtpOjE7czo0OiJuYW1lIjtzOjExOiJTdXBlciBBZG1pbiI7czo1OiJlbWFpbCI7czoyNzoiaW5mb0Bza3lsaW5rc29sdXRpb25zLmNvLnR6IjtzOjQ6InJvbGUiO3M6NToic3VwZXIiO3M6NToicGhvbmUiO3M6MTA6IjA3NDIxNzczMjgiO3M6MTc6ImVtYWlsX3ZlcmlmaWVkX2F0IjtzOjE5OiIyMDI1LTA1LTAyIDEzOjQ5OjI0IjtzOjg6InBhc3N3b3JkIjtzOjYwOiIkMnkkMTIkLnV2aTRQSE90ZDE0eUE2eWpFREJ3ZU5vOUVoV1R1dlhKM25DdWdsUUNibXRRck56S2M5cHEiO3M6MTQ6InJlbWVtYmVyX3Rva2VuIjtzOjYwOiJRQThhMGZBQTlkN0V0NTA1bGE5ZHVISk1qOEJUY0NMRE1WWWttME52MkxERkQzU1Nzc2dOd1NCQ09tNHoiO3M6MTU6ImN1cnJlbnRfdGVhbV9pZCI7TjtzOjE4OiJwcm9maWxlX3Bob3RvX3BhdGgiO047czoxMDoiY3JlYXRlZF9hdCI7czoxOToiMjAyNS0wNS0wMiAxMzo0OToyNSI7czoxMDoidXBkYXRlZF9hdCI7czoxOToiMjAyNS0wNS0wMiAxMzo0OToyNSI7czoxNzoidHdvX2ZhY3Rvcl9zZWNyZXQiO047czoyNToidHdvX2ZhY3Rvcl9yZWNvdmVyeV9jb2RlcyI7TjtzOjIzOiJ0d29fZmFjdG9yX2NvbmZpcm1lZF9hdCI7Tjt9czoxMDoiACoAY2hhbmdlcyI7YTowOnt9czo4OiIAKgBjYXN0cyI7YToyOntzOjE3OiJlbWFpbF92ZXJpZmllZF9hdCI7czo4OiJkYXRldGltZSI7czo4OiJwYXNzd29yZCI7czo2OiJoYXNoZWQiO31zOjE3OiIAKgBjbGFzc0Nhc3RDYWNoZSI7YTowOnt9czoyMToiACoAYXR0cmlidXRlQ2FzdENhY2hlIjthOjA6e31zOjEzOiIAKgBkYXRlRm9ybWF0IjtOO3M6MTA6IgAqAGFwcGVuZHMiO2E6MTp7aTowO3M6MTc6InByb2ZpbGVfcGhvdG9fdXJsIjt9czoxOToiACoAZGlzcGF0Y2hlc0V2ZW50cyI7YTowOnt9czoxNDoiACoAb2JzZXJ2YWJsZXMiO2E6MDp7fXM6MTI6IgAqAHJlbGF0aW9ucyI7YTowOnt9czoxMDoiACoAdG91Y2hlcyI7YTowOnt9czoxMDoidGltZXN0YW1wcyI7YjoxO3M6MTM6InVzZXNVbmlxdWVJZHMiO2I6MDtzOjk6IgAqAGhpZGRlbiI7YTo0OntpOjA7czo4OiJwYXNzd29yZCI7aToxO3M6MTQ6InJlbWVtYmVyX3Rva2VuIjtpOjI7czoyNToidHdvX2ZhY3Rvcl9yZWNvdmVyeV9jb2RlcyI7aTozO3M6MTc6InR3b19mYWN0b3Jfc2VjcmV0Ijt9czoxMDoiACoAdmlzaWJsZSI7YTowOnt9czoxMToiACoAZmlsbGFibGUiO2E6NTp7aTowO3M6NDoibmFtZSI7aToxO3M6NToiZW1haWwiO2k6MjtzOjQ6InJvbGUiO2k6MztzOjU6InBob25lIjtpOjQ7czo4OiJwYXNzd29yZCI7fXM6MTA6IgAqAGd1YXJkZWQiO2E6MTp7aTowO3M6MToiKiI7fXM6MTk6IgAqAGF1dGhQYXNzd29yZE5hbWUiO3M6ODoicGFzc3dvcmQiO3M6MjA6IgAqAHJlbWVtYmVyVG9rZW5OYW1lIjtzOjE0OiJyZW1lbWJlcl90b2tlbiI7czoxNDoiACoAYXVkaXRFdmVudHMiO2E6NTp7aTowO3M6NzoiY3JlYXRlZCI7aToxO3M6NzoidXBkYXRlZCI7aToyO3M6NzoiZGVsZXRlZCI7aTozO3M6ODoicmVzdG9yZWQiO2k6NDtzOjU6InNhdmVkIjt9czoxNDoiACoAYWNjZXNzVG9rZW4iO047czoyMToiACoAZXhjbHVkZWRBdHRyaWJ1dGVzIjthOjA6e31zOjEwOiJhdWRpdEV2ZW50IjtOO3M6MTQ6ImF1ZGl0Q3VzdG9tT2xkIjtOO3M6MTQ6ImF1ZGl0Q3VzdG9tTmV3IjtOO3M6MTM6ImlzQ3VzdG9tRXZlbnQiO2I6MDtzOjIxOiJwcmVsb2FkZWRSZXNvbHZlckRhdGEiO2E6MDp7fX1zOjE5OiJjdXJyZW50X3BoYXJtYWN5X2lkIjtzOjE6IjEiO3M6NzoicHJpbnRlciI7czo3OiJQcmludGVyIjtzOjE4OiJwcmludGVyX2lwX2FkZHJlc3MiO3M6MTE6IjE5Mi4xNjguMS4xIjtzOjEzOiJjb21wdXRlcl9uYW1lIjtzOjEzOiJDb21wdXRlciBOYW1lIjtzOjEyOiJwcmludGVyX3BvcnQiO3M6NDoiOTEwMCI7czoxMToidXNlX3ByaW50ZXIiO2k6MDt9',1755592397);
INSERT INTO sessions VALUES('LjlyJP32BPT8TYslpqDHsZmX7yjw74IIINlUl0LY',NULL,'127.0.0.1','Mozilla/5.0 (X11; Linux x86_64) AppleWebKit/537.36 (KHTML, like Gecko) Chrome/139.0.0.0 Safari/537.36','YToyOntzOjY6Il90b2tlbiI7czo0MDoibFp5QkRTbktzZG94dnFtbWVPWDJMVU82VHgxWFZQNExCbEc0bEUyMCI7czo2OiJfZmxhc2giO2E6Mjp7czozOiJvbGQiO2E6MDp7fXM6MzoibmV3IjthOjA6e319fQ==',1755767461);
INSERT INTO sessions VALUES('86B6orZF1M6ermZlfQfdbrl918m9pMcl0TPFnXP6',NULL,'127.0.0.1','Mozilla/5.0 (X11; Linux x86_64) AppleWebKit/537.36 (KHTML, like Gecko) Chrome/139.0.0.0 Safari/537.36','YTozOntzOjY6Il90b2tlbiI7czo0MDoiMldLblVuckRMd1NacDM0c1FBWUpxcWxueUZiT1dsSzIzY09zRDF0YSI7czo5OiJfcHJldmlvdXMiO2E6MTp7czozOiJ1cmwiO3M6MjE6Imh0dHA6Ly8xMjcuMC4wLjE6ODAwMCI7fXM6NjoiX2ZsYXNoIjthOjI6e3M6Mzoib2xkIjthOjA6e31zOjM6Im5ldyI7YTowOnt9fX0=',1755848787);
CREATE TABLE IF NOT EXISTS "cache" ("key" varchar not null, "value" text not null, "expiration" integer not null, primary key ("key"));
INSERT INTO cache VALUES('ceb866318ac31848718b51405e5d1c71:timer','i:1746183987;',1746183987);
INSERT INTO cache VALUES('ceb866318ac31848718b51405e5d1c71','i:1;',1746183987);
INSERT INTO cache VALUES('775e0f9a922a265bc5a5bbabbdcbeab6:timer','i:1746205079;',1746205079);
INSERT INTO cache VALUES('775e0f9a922a265bc5a5bbabbdcbeab6','i:1;',1746205079);
INSERT INTO cache VALUES('7c8b4dc01ce33b636cfaf63556ec1a50:timer','i:1755585150;',1755585150);
INSERT INTO cache VALUES('7c8b4dc01ce33b636cfaf63556ec1a50','i:1;',1755585150);
CREATE TABLE IF NOT EXISTS "cache_locks" ("key" varchar not null, "owner" varchar not null, "expiration" integer not null, primary key ("key"));
CREATE TABLE IF NOT EXISTS "jobs" ("id" integer primary key autoincrement not null, "queue" varchar not null, "payload" text not null, "attempts" integer not null, "reserved_at" integer, "available_at" integer not null, "created_at" integer not null);
CREATE TABLE IF NOT EXISTS "job_batches" ("id" varchar not null, "name" varchar not null, "total_jobs" integer not null, "pending_jobs" integer not null, "failed_jobs" integer not null, "failed_job_ids" text not null, "options" text, "cancelled_at" integer, "created_at" integer not null, "finished_at" integer, primary key ("id"));
CREATE TABLE IF NOT EXISTS "failed_jobs" ("id" integer primary key autoincrement not null, "uuid" varchar not null, "connection" text not null, "queue" text not null, "payload" text not null, "exception" text not null, "failed_at" datetime not null default CURRENT_TIMESTAMP);
CREATE TABLE IF NOT EXISTS "personal_access_tokens" ("id" integer primary key autoincrement not null, "tokenable_type" varchar not null, "tokenable_id" integer not null, "name" varchar not null, "token" varchar not null, "abilities" text, "last_used_at" datetime, "expires_at" datetime, "created_at" datetime, "updated_at" datetime);
CREATE TABLE IF NOT EXISTS "staff" ("id" integer primary key autoincrement not null, "status" varchar not null default 'active', "user_id" integer not null, "pharmacy_id" integer not null, "created_at" datetime, "updated_at" datetime, foreign key("user_id") references "users"("id") on delete cascade, foreign key("pharmacy_id") references "pharmacies"("id") on delete cascade);
INSERT INTO staff VALUES(1,'active',3,1,'2025-05-02 13:49:25','2025-05-02 13:49:25');
CREATE TABLE IF NOT EXISTS "sales" ("id" integer primary key autoincrement not null, "pharmacy_id" integer not null, "item_id" integer not null, "staff_id" integer not null, "stock_id" integer not null, "quantity" integer not null, "total_price" numeric not null, "date" datetime not null, "created_at" datetime, "updated_at" datetime, foreign key("pharmacy_id") references "pharmacies"("id") on delete cascade, foreign key("item_id") references "items"("id") on delete cascade, foreign key("staff_id") references "users"("id") on delete cascade, foreign key("stock_id") references "stocks"("id") on delete cascade);
INSERT INTO sales VALUES(1,1,1,1,1,400,2000000,'2025-05-02 13:49:25','2025-05-02 13:49:25','2025-05-02 13:49:25');
INSERT INTO sales VALUES(5,1,1,2,11,29,5000,'2025-05-02 19:45:13','2025-05-02 19:48:18','2025-05-02 19:48:18');
INSERT INTO sales VALUES(6,1,1,2,1,31,5000,'2025-05-02 19:45:13','2025-05-02 19:48:18','2025-05-02 19:48:18');
INSERT INTO sales VALUES(7,1,1,2,12,57,5100,'2025-05-02 19:45:13','2025-05-02 19:48:19','2025-05-02 19:48:19');
INSERT INTO sales VALUES(8,1,1,2,3,5,5100,'2025-05-02 19:45:13','2025-05-02 19:48:19','2025-05-02 19:48:19');
INSERT INTO sales VALUES(9,1,2,2,4,234,500,'2025-05-02 19:45:13','2025-05-02 19:48:19','2025-05-02 19:48:19');
INSERT INTO sales VALUES(10,1,2,2,6,6,500,'2025-05-02 19:45:13','2025-05-02 19:48:19','2025-05-02 19:48:19');
INSERT INTO sales VALUES(11,1,1,2,1,500,5000,'2025-08-19 10:04:53','2025-08-19 10:13:03','2025-08-19 10:13:03');
INSERT INTO sales VALUES(12,1,1,2,3,30,5100,'2025-08-19 10:13:03','2025-08-19 10:13:52','2025-08-19 10:13:52');
INSERT INTO sales VALUES(13,1,2,2,8,40,507,'2025-08-19 10:13:03','2025-08-19 10:13:53','2025-08-19 10:13:53');
CREATE TABLE IF NOT EXISTS "stocks" ("id" integer primary key autoincrement not null, "in_date" datetime not null, "quantity" integer not null, "batch_number" integer not null, "supplier" varchar not null, "remain_Quantity" integer not null, "low_stock_percentage" integer not null, "expire_date" datetime not null, "buying_price" numeric not null, "selling_price" numeric not null, "staff_id" integer not null, "item_id" integer not null, "pharmacy_id" integer not null, "created_at" datetime, "updated_at" datetime, foreign key("staff_id") references "users"("id") on delete cascade, foreign key("item_id") references "items"("id") on delete cascade, foreign key("pharmacy_id") references "pharmacies"("id") on delete cascade);
INSERT INTO stocks VALUES(1,'2025-05-02 13:49:25',5000,123456789,'Default Supplier',4469,100,'2026-05-08 19:48:55',500,5000,1,1,1,'2025-05-02 13:49:25','2025-08-19 10:13:03');
INSERT INTO stocks VALUES(2,'2025-05-02 14:01:24',267,20250502,'MEDILIFE PHARMACY',267,100,'2027-03-11',500,5000,2,1,1,'2025-05-02 14:01:59','2025-05-02 14:01:59');
INSERT INTO stocks VALUES(3,'2025-05-02 14:01:59',45,20250502,'Trial Supplier',10,10,'2026-12-31',600,5100,2,1,1,'2025-05-02 14:03:06','2025-08-19 10:13:52');
INSERT INTO stocks VALUES(4,'2025-05-02 14:07:19',234,20250502,'MARHABA PHARMACY',0,30,'2026-03-01',300,500,2,2,1,'2025-05-02 14:08:30','2025-05-02 19:48:19');
INSERT INTO stocks VALUES(5,'2025-05-02 14:07:19',322,20250502,'MARHABA PHARMACY',322,10,'2025-12-22',400,600,2,3,1,'2025-05-02 14:08:30','2025-05-02 14:08:30');
INSERT INTO stocks VALUES(6,'2025-05-02 14:08:31',444,20250502,'New Supplier',438,30,'2029-04-05',300,500,2,2,1,'2025-05-02 14:10:27','2025-05-02 19:48:19');
INSERT INTO stocks VALUES(7,'2025-05-02 14:08:31',666,20250502,'New Supplier',666,10,'2029-05-06',400,600,2,3,1,'2025-05-02 14:10:27','2025-05-02 14:10:27');
INSERT INTO stocks VALUES(8,'2025-05-02 14:08:31',47,20250502,'New Supplier',7,30,'2030-03-04',307,507,2,2,1,'2025-05-02 14:10:27','2025-08-19 10:13:53');
INSERT INTO stocks VALUES(9,'2025-05-02 14:08:31',65,20250502,'New Supplier',65,10,'2025-07-07',409,609,2,3,1,'2025-05-02 14:10:27','2025-05-02 14:11:10');
INSERT INTO stocks VALUES(10,'2025-05-02 15:41:50',33,20250502,'New Supplier',33,10,'2028-02-06',600,5000,2,1,1,'2025-05-02 15:42:28','2025-05-02 15:42:28');
INSERT INTO stocks VALUES(11,'2025-05-02 18:53:12',29,20250502,'Trial Supplier',0,10,'2025-05-10',600,5000,2,1,1,'2025-05-02 18:53:36','2025-05-02 19:48:18');
INSERT INTO stocks VALUES(12,'2025-05-02 18:53:37',57,20250502,'Trial Supplier',0,10,'2025-05-05',600,5100,2,1,1,'2025-05-02 19:01:25','2025-05-02 19:48:19');
CREATE TABLE IF NOT EXISTS "items" ("id" integer primary key autoincrement not null, "name" varchar not null, "category_id" integer not null, "pharmacy_id" integer not null, "created_at" datetime, "updated_at" datetime, foreign key("category_id") references "categories"("id") on delete cascade, foreign key("pharmacy_id") references "pharmacies"("id") on delete cascade);
INSERT INTO items VALUES(1,'Default Medicine',1,1,'2025-05-02 13:49:25','2025-05-02 13:49:25');
INSERT INTO items VALUES(2,'Dawa ya majaribio',1,1,'2025-05-02 14:08:30','2025-05-02 14:08:30');
INSERT INTO items VALUES(3,'Zenkof  sy',1,1,'2025-05-02 14:08:30','2025-05-02 14:08:30');
CREATE TABLE IF NOT EXISTS "categories" ("id" integer primary key autoincrement not null, "name" varchar not null, "description" text, "pharmacy_id" integer not null, "created_at" datetime, "updated_at" datetime, foreign key("pharmacy_id") references "pharmacies"("id") on delete cascade);
INSERT INTO categories VALUES(1,'Default','This is the default category',1,'2025-05-02 13:49:25','2025-05-02 13:49:25');
CREATE TABLE IF NOT EXISTS "packages" ("id" integer primary key autoincrement not null, "name" varchar not null, "price" numeric not null, "duration" varchar not null, "status" tinyint(1) not null default '1', "created_at" datetime, "updated_at" datetime, "number_of_pharmacies" integer, "number_of_pharmacists" integer, "number_of_medicines" integer, "in_app_notification" tinyint(1) not null default '0', "email_notification" tinyint(1) not null default '0', "sms_notifications" tinyint(1) not null default '0', "online_support" tinyint(1) not null default '0', "number_of_owner_accounts" integer, "number_of_admin_accounts" integer, "reports" tinyint(1) not null default '0', "stock_transfer" tinyint(1) not null default '0', "stock_management" tinyint(1) not null default '0', "staff_management" tinyint(1) not null default '0', "receipts" tinyint(1) not null default '0', "analytics" tinyint(1) not null default '0', "whatsapp_chats" tinyint(1) not null default '0');
INSERT INTO packages VALUES(1,'TRIAL PACKAGE',0,'14',1,'2025-05-02 13:49:25','2025-05-02 14:07:09',2,2,10,1,1,1,1,1,0,1,1,1,1,1,1,1);
CREATE TABLE IF NOT EXISTS "medicines" ("id" integer primary key autoincrement not null, "brand_name" text not null, "generic_name" text, "category" text, "class" text, "dosage_form" text, "description" text, "status" text not null default 'approved', "strength" text, "manufacturer" text, "manufacturing_country" text, "created_at" datetime, "updated_at" datetime);
CREATE TABLE IF NOT EXISTS "notifications" ("id" varchar not null, "type" varchar not null, "notifiable_type" varchar not null, "notifiable_id" integer not null, "data" text not null, "read_at" datetime, "created_at" datetime, "updated_at" datetime, primary key ("id"));
INSERT INTO notifications VALUES('8822bcab-530d-4702-9e88-c0114b8a2fc9','App\Notifications\InAppNotification','App\Models\User',2,'{"message":"You have rejected a sales return of Default Medicine, Quantity:400 requested by Default Owner","type":"danger"}','2025-05-02 19:45:04','2025-05-02 19:44:44','2025-05-02 19:45:04');
INSERT INTO notifications VALUES('97385fa0-f751-498d-bcee-c985ea348e8e','App\Notifications\InAppNotification','App\Models\User',2,'{"message":"Returns for sales of Default Medicine, Quantity:400 has been rejected by Default Owner","type":"danger"}','2025-05-02 19:45:05','2025-05-02 19:44:44','2025-05-02 19:45:05');
INSERT INTO notifications VALUES('4acf5be7-9fab-4d2c-b8e5-f8076f639c85','App\Notifications\InAppNotification','App\Models\User',2,'{"message":"You have approved a sales return of Default Medicine, Quantity:57 requested by Default Owner","type":"success"}','2025-05-02 19:45:05','2025-05-02 19:44:47','2025-05-02 19:45:05');
INSERT INTO notifications VALUES('a55a2d13-5db0-47f0-8ceb-3a2f01ca8549','App\Notifications\InAppNotification','App\Models\User',2,'{"message":"Returns for sales of Default Medicine, Quantity:57 has been approved by Default Owner","type":"success"}','2025-05-02 19:45:05','2025-05-02 19:44:47','2025-05-02 19:45:05');
INSERT INTO notifications VALUES('db1f41ea-40f9-4621-bbfc-0ae6cbe27e9d','App\Notifications\InAppNotification','App\Models\User',2,'{"message":"You have approved a sales return of Default Medicine, Quantity:5 requested by Default Owner","type":"success"}','2025-05-02 19:45:05','2025-05-02 19:44:49','2025-05-02 19:45:05');
INSERT INTO notifications VALUES('a11f0d6a-1e19-49bb-bc1a-74cf42907f8c','App\Notifications\InAppNotification','App\Models\User',2,'{"message":"Returns for sales of Default Medicine, Quantity:5 has been approved by Default Owner","type":"success"}','2025-05-02 19:45:05','2025-05-02 19:44:49','2025-05-02 19:45:05');
INSERT INTO notifications VALUES('1fcb60f6-d51a-41d0-b95a-e4c2dc10831f','App\Notifications\InAppNotification','App\Models\User',2,'{"message":"You have approved a sales return of Default Medicine, Quantity:10 requested by Default Owner","type":"success"}','2025-05-02 19:45:05','2025-05-02 19:44:52','2025-05-02 19:45:05');
INSERT INTO notifications VALUES('042ac41b-1eef-4ee5-91a3-b9fe6a0b7ba4','App\Notifications\InAppNotification','App\Models\User',2,'{"message":"Returns for sales of Default Medicine, Quantity:10 has been approved by Default Owner","type":"success"}','2025-05-02 19:45:05','2025-05-02 19:44:52','2025-05-02 19:45:05');
CREATE TABLE IF NOT EXISTS "contracts" ("id" integer primary key autoincrement not null, "owner_id" integer not null, "package_id" integer not null, "start_date" date not null, "end_date" date not null, "status" varchar check ("status" in ('active', 'inactive', 'graced')) not null, "grace_end_date" date, "payment_status" varchar check ("payment_status" in ('payed', 'unpayed', 'pending')) not null, "is_current_contract" tinyint(1) not null default '0', "created_at" datetime, "updated_at" datetime, foreign key("owner_id") references "users"("id") on delete cascade, foreign key("package_id") references "packages"("id") on delete cascade);
INSERT INTO contracts VALUES(1,2,1,'2025-05-02 13:50:19','2025-05-16 13:50:19','active',NULL,'payed',1,'2025-05-02 13:50:19','2025-05-02 13:50:19');
CREATE TABLE IF NOT EXISTS "printer_settings" ("id" integer primary key autoincrement not null, "name" varchar not null, "ip_address" varchar not null, "computer_name" varchar not null, "port" varchar, "use_printer" tinyint(1) not null default '0', "pharmacy_id" integer not null, "created_at" datetime, "updated_at" datetime, foreign key("pharmacy_id") references "pharmacies"("id") on delete cascade);
INSERT INTO printer_settings VALUES(1,'Printer','192.168.1.1','Computer Name','9100',0,1,'2025-05-02 19:31:55','2025-05-02 20:04:50');
CREATE TABLE IF NOT EXISTS "sale_notes" ("id" integer primary key autoincrement not null, "name" varchar not null, "quantity" varchar not null, "unit_price" varchar not null, "status" varchar check ("status" in ('promoted', 'Unpromoted', 'rejected')) not null default 'Unpromoted', "description" text, "pharmacy_id" integer not null, "staff_id" integer not null, "created_at" datetime, "updated_at" datetime, foreign key("pharmacy_id") references "pharmacies"("id") on delete cascade, foreign key("staff_id") references "users"("id") on delete cascade);
CREATE TABLE IF NOT EXISTS "pharmacies" ("id" integer primary key autoincrement not null, "name" varchar not null, "location" text, "status" text, "package_id" integer not null, "owner_id" integer not null, "created_at" datetime, "updated_at" datetime, "agent_id" integer not null default '1', foreign key("owner_id") references users("id") on delete cascade on update no action, foreign key("package_id") references packages("id") on delete cascade on update no action, foreign key("agent_id") references "users"("id"));
INSERT INTO pharmacies VALUES(1,'Default Pharmacy','Morogoro','Active',1,2,'2025-05-02 13:49:25','2025-05-02 13:49:25',1);
CREATE TABLE IF NOT EXISTS "messages" ("id" integer primary key autoincrement not null, "sender_id" integer not null, "content" text not null, "status" varchar check ("status" in ('unread', 'read', 'deleted')) not null default 'unread', "parent_message_id" integer, "created_at" datetime, "updated_at" datetime, "subject" varchar, "attachment" varchar, "message_type" varchar check ("message_type" in ('text', 'image', 'file', 'voice')) not null default 'text', "is_urgent" tinyint(1) not null default '0', "conversation_id" integer not null, "deleted_at" datetime, foreign key("parent_message_id") references "messages"("id") on delete no action, foreign key("sender_id") references "users"("id") on delete cascade, foreign key("conversation_id") references "conversations"("id") on delete cascade);
CREATE TABLE IF NOT EXISTS "conversations" ("id" integer primary key autoincrement not null, "creator_id" integer not null, "title" text not null, "description" text, "status" varchar check ("status" in ('open', 'closed', 'solved', 'unsolved')) not null default 'open', "created_at" datetime, "updated_at" datetime, foreign key("creator_id") references "users"("id") on delete cascade);
CREATE TABLE IF NOT EXISTS "conversations_users" ("id" integer primary key autoincrement not null, "conversation_id" integer not null, "user_id" integer not null, "created_at" datetime, "updated_at" datetime, foreign key("conversation_id") references "conversations"("id") on delete cascade, foreign key("user_id") references "users"("id") on delete cascade);
CREATE TABLE IF NOT EXISTS "message_user_read" ("id" integer primary key autoincrement not null, "message_id" integer not null, "user_id" integer not null, "read_at" datetime, "created_at" datetime, "updated_at" datetime, foreign key("message_id") references "messages"("id") on delete cascade, foreign key("user_id") references "users"("id") on delete cascade);
CREATE TABLE IF NOT EXISTS "sales_returns" ("id" integer primary key autoincrement not null, "sale_id" integer not null, "pharmacy_id" integer not null, "staff_id" integer not null, "quantity" integer not null, "refund_amount" numeric, "reason" varchar, "return_status" varchar check ("return_status" in ('pending', 'approved', 'rejected')) not null default 'pending', "approved_by" integer, "date" datetime not null, "created_at" datetime, "updated_at" datetime, foreign key("sale_id") references "sales"("id") on delete cascade, foreign key("pharmacy_id") references "pharmacies"("id") on delete cascade, foreign key("staff_id") references "users"("id") on delete cascade, foreign key("approved_by") references "users"("id") on delete set null);
INSERT INTO sales_returns VALUES(4,1,1,2,400,2000000,NULL,'rejected',2,'2025-05-02 19:44:24','2025-05-02 19:44:24','2025-05-02 19:44:44');
CREATE TABLE IF NOT EXISTS "agents" ("id" integer primary key autoincrement not null, "user_id" integer not null, "country" varchar, "NIN" varchar, "document_attachment_1_name" varchar, "document_attachment_2_name" varchar, "document_attachment_3_name" varchar, "document_attachment_1" varchar, "document_attachment_2" varchar, "document_attachment_3" varchar, "signed_agreement_form" varchar, "agent_code" varchar, "request_date" date, "registration_status" varchar check ("registration_status" in ('step_1', 'step_2', 'step_3', 'complete', 'incomplete')) not null default 'incomplete', "status" varchar check ("status" in ('verified', 'unverified')) not null default 'unverified', "verified_by" integer, "verified_date" date, "address" text, "created_at" datetime, "updated_at" datetime, foreign key("user_id") references "users"("id") on delete cascade, foreign key("verified_by") references "users"("id") on delete cascade);
CREATE TABLE IF NOT EXISTS "audits" ("id" integer primary key autoincrement not null, "user_type" varchar, "user_id" integer, "event" varchar not null, "auditable_type" varchar not null, "auditable_id" integer not null, "old_values" text, "new_values" text, "url" text, "ip_address" varchar, "user_agent" varchar, "tags" varchar, "created_at" datetime, "updated_at" datetime);
INSERT INTO audits VALUES(1,NULL,1,'login','App\Models\User',1,'[]','{"logged_in_at":"2025-05-02T10:49:36.868501Z"}','http://127.0.0.1:8000/login','127.0.0.1','Mozilla/5.0 (X11; Linux x86_64) AppleWebKit/537.36 (KHTML, like Gecko) Chrome/136.0.0.0 Safari/537.36',NULL,'2025-05-02 13:49:36','2025-05-02 13:49:36');
INSERT INTO audits VALUES(2,NULL,1,'login','App\Models\User',1,'[]','{"logged_in_at":"2025-05-02T10:49:36.883981Z"}','http://127.0.0.1:8000/login','127.0.0.1','Mozilla/5.0 (X11; Linux x86_64) AppleWebKit/537.36 (KHTML, like Gecko) Chrome/136.0.0.0 Safari/537.36',NULL,'2025-05-02 13:49:36','2025-05-02 13:49:36');
INSERT INTO audits VALUES(3,'App\Models\User',1,'created','App\Models\Contract',1,'[]','{"owner_id":"2","package_id":"1","start_date":"2025-05-02T10:50:19.146008Z","end_date":"2025-05-16T10:50:19.171913Z","status":"active","grace_end_date":null,"payment_status":"payed","is_current_contract":1,"id":1}','http://127.0.0.1:8000/contracts/users/subscribe?owner_id=2&package_id=1','127.0.0.1','Mozilla/5.0 (X11; Linux x86_64) AppleWebKit/537.36 (KHTML, like Gecko) Chrome/136.0.0.0 Safari/537.36',NULL,'2025-05-02 13:50:19','2025-05-02 13:50:19');
INSERT INTO audits VALUES(4,'App\Models\User',1,'updated','App\Models\User',1,'{"remember_token":"hjSXl6K1ph"}','{"remember_token":"QA8a0fAA9d7Et505la9duHJMj8BTcCLDMVYkm0Nv2LDFD3SSssgNwSBCOm4z"}','http://127.0.0.1:8000/logout','127.0.0.1','Mozilla/5.0 (X11; Linux x86_64) AppleWebKit/537.36 (KHTML, like Gecko) Chrome/136.0.0.0 Safari/537.36',NULL,'2025-05-02 13:50:27','2025-05-02 13:50:27');
INSERT INTO audits VALUES(5,NULL,1,'logout','App\Models\User',1,'[]','{"logged_out_at":"2025-05-02T10:50:27.745277Z"}','http://127.0.0.1:8000/logout','127.0.0.1','Mozilla/5.0 (X11; Linux x86_64) AppleWebKit/537.36 (KHTML, like Gecko) Chrome/136.0.0.0 Safari/537.36',NULL,'2025-05-02 13:50:27','2025-05-02 13:50:27');
INSERT INTO audits VALUES(6,NULL,1,'logout','App\Models\User',1,'[]','{"logged_out_at":"2025-05-02T10:50:27.758424Z"}','http://127.0.0.1:8000/logout','127.0.0.1','Mozilla/5.0 (X11; Linux x86_64) AppleWebKit/537.36 (KHTML, like Gecko) Chrome/136.0.0.0 Safari/537.36',NULL,'2025-05-02 13:50:27','2025-05-02 13:50:27');
INSERT INTO audits VALUES(7,NULL,2,'login','App\Models\User',2,'[]','{"logged_in_at":"2025-05-02T10:50:40.209782Z"}','http://127.0.0.1:8000/login','127.0.0.1','Mozilla/5.0 (X11; Linux x86_64) AppleWebKit/537.36 (KHTML, like Gecko) Chrome/136.0.0.0 Safari/537.36',NULL,'2025-05-02 13:50:40','2025-05-02 13:50:40');
INSERT INTO audits VALUES(8,NULL,2,'login','App\Models\User',2,'[]','{"logged_in_at":"2025-05-02T10:50:40.223158Z"}','http://127.0.0.1:8000/login','127.0.0.1','Mozilla/5.0 (X11; Linux x86_64) AppleWebKit/537.36 (KHTML, like Gecko) Chrome/136.0.0.0 Safari/537.36',NULL,'2025-05-02 13:50:40','2025-05-02 13:50:40');
INSERT INTO audits VALUES(9,'App\Models\User',2,'created','App\Models\Stock',2,'[]','{"pharmacy_id":"1","staff_id":2,"item_id":"1","quantity":"267","buying_price":"500","selling_price":"5000","remain_Quantity":"267","low_stock_percentage":"100","in_date":"2025-05-02 14:01:24","batch_number":"20250502","supplier":"MEDILIFE PHARMACY","expire_date":"2027-03-11","id":2}','http://127.0.0.1:8000/stock','127.0.0.1','Mozilla/5.0 (X11; Linux x86_64) AppleWebKit/537.36 (KHTML, like Gecko) Chrome/136.0.0.0 Safari/537.36',NULL,'2025-05-02 14:01:59','2025-05-02 14:01:59');
INSERT INTO audits VALUES(10,'App\Models\User',2,'created','App\Models\Stock',3,'[]','{"pharmacy_id":"1","staff_id":2,"item_id":"1","quantity":"45","buying_price":"600","selling_price":"5100","remain_Quantity":"45","low_stock_percentage":"100","in_date":"2025-05-02 14:01:59","batch_number":"20250502","supplier":"Trial Supplier","expire_date":"2026-12-31","id":3}','http://127.0.0.1:8000/stock','127.0.0.1','Mozilla/5.0 (X11; Linux x86_64) AppleWebKit/537.36 (KHTML, like Gecko) Chrome/136.0.0.0 Safari/537.36',NULL,'2025-05-02 14:03:06','2025-05-02 14:03:06');
INSERT INTO audits VALUES(11,NULL,1,'login','App\Models\User',1,'[]','{"logged_in_at":"2025-05-02T11:05:27.894094Z"}','http://127.0.0.1:8000/login','127.0.0.1','Mozilla/5.0 (X11; Linux x86_64) AppleWebKit/537.36 (KHTML, like Gecko) Chrome/136.0.0.0 Safari/537.36',NULL,'2025-05-02 14:05:27','2025-05-02 14:05:27');
INSERT INTO audits VALUES(12,NULL,1,'login','App\Models\User',1,'[]','{"logged_in_at":"2025-05-02T11:05:27.910361Z"}','http://127.0.0.1:8000/login','127.0.0.1','Mozilla/5.0 (X11; Linux x86_64) AppleWebKit/537.36 (KHTML, like Gecko) Chrome/136.0.0.0 Safari/537.36',NULL,'2025-05-02 14:05:27','2025-05-02 14:05:27');
INSERT INTO audits VALUES(13,'App\Models\User',1,'updated','App\Models\Package',1,'{"status":"active","number_of_pharmacies":null,"number_of_pharmacists":null,"number_of_medicines":null,"in_app_notification":0,"email_notification":0,"sms_notifications":0,"online_support":0,"number_of_owner_accounts":null,"number_of_admin_accounts":null,"reports":0,"stock_transfer":0,"stock_management":0,"staff_management":0,"receipts":0,"analytics":0,"whatsapp_chats":0}','{"status":"1","number_of_pharmacies":"2","number_of_pharmacists":"2","number_of_medicines":"10","in_app_notification":"1","email_notification":"1","sms_notifications":"1","online_support":"1","number_of_owner_accounts":"1","number_of_admin_accounts":"0","reports":"1","stock_transfer":"1","stock_management":"1","staff_management":"1","receipts":"1","analytics":"1","whatsapp_chats":"1"}','http://127.0.0.1:8000/packages/update/1','127.0.0.1','Mozilla/5.0 (X11; Linux x86_64) AppleWebKit/537.36 (KHTML, like Gecko) Chrome/136.0.0.0 Safari/537.36',NULL,'2025-05-02 14:07:09','2025-05-02 14:07:09');
INSERT INTO audits VALUES(14,'App\Models\User',2,'created','App\Models\Items',2,'[]','{"pharmacy_id":"1","category_id":1,"name":"Dawa ya majaribio","id":2}','http://127.0.0.1:8000/medicineStock','127.0.0.1','Mozilla/5.0 (X11; Linux x86_64) AppleWebKit/537.36 (KHTML, like Gecko) Chrome/136.0.0.0 Safari/537.36',NULL,'2025-05-02 14:08:30','2025-05-02 14:08:30');
INSERT INTO audits VALUES(15,'App\Models\User',2,'created','App\Models\Stock',4,'[]','{"pharmacy_id":"1","staff_id":2,"item_id":2,"quantity":"234","buying_price":"300","selling_price":"500","remain_Quantity":"234","low_stock_percentage":"30","in_date":"2025-05-02 14:07:19","batch_number":"20250502","supplier":"MARHABA PHARMACY","expire_date":"2026-03-01","id":4}','http://127.0.0.1:8000/medicineStock','127.0.0.1','Mozilla/5.0 (X11; Linux x86_64) AppleWebKit/537.36 (KHTML, like Gecko) Chrome/136.0.0.0 Safari/537.36',NULL,'2025-05-02 14:08:30','2025-05-02 14:08:30');
INSERT INTO audits VALUES(16,'App\Models\User',2,'created','App\Models\Items',3,'[]','{"pharmacy_id":"1","category_id":1,"name":"Zenkof  sy","id":3}','http://127.0.0.1:8000/medicineStock','127.0.0.1','Mozilla/5.0 (X11; Linux x86_64) AppleWebKit/537.36 (KHTML, like Gecko) Chrome/136.0.0.0 Safari/537.36',NULL,'2025-05-02 14:08:30','2025-05-02 14:08:30');
INSERT INTO audits VALUES(17,'App\Models\User',2,'created','App\Models\Stock',5,'[]','{"pharmacy_id":"1","staff_id":2,"item_id":3,"quantity":"322","buying_price":"400","selling_price":"600","remain_Quantity":"322","low_stock_percentage":"10","in_date":"2025-05-02 14:07:19","batch_number":"20250502","supplier":"MARHABA PHARMACY","expire_date":"2025-12-22","id":5}','http://127.0.0.1:8000/medicineStock','127.0.0.1','Mozilla/5.0 (X11; Linux x86_64) AppleWebKit/537.36 (KHTML, like Gecko) Chrome/136.0.0.0 Safari/537.36',NULL,'2025-05-02 14:08:30','2025-05-02 14:08:30');
INSERT INTO audits VALUES(18,'App\Models\User',2,'created','App\Models\Stock',6,'[]','{"pharmacy_id":"1","staff_id":2,"item_id":"2","quantity":"444","buying_price":"300","selling_price":"500","remain_Quantity":"444","low_stock_percentage":"30","in_date":"2025-05-02 14:08:31","batch_number":"20250502","supplier":"New Supplier","expire_date":"2029-04-05","id":6}','http://127.0.0.1:8000/stock','127.0.0.1','Mozilla/5.0 (X11; Linux x86_64) AppleWebKit/537.36 (KHTML, like Gecko) Chrome/136.0.0.0 Safari/537.36',NULL,'2025-05-02 14:10:27','2025-05-02 14:10:27');
INSERT INTO audits VALUES(19,'App\Models\User',2,'created','App\Models\Stock',7,'[]','{"pharmacy_id":"1","staff_id":2,"item_id":"3","quantity":"666","buying_price":"400","selling_price":"600","remain_Quantity":"666","low_stock_percentage":"10","in_date":"2025-05-02 14:08:31","batch_number":"20250502","supplier":"New Supplier","expire_date":"2029-05-06","id":7}','http://127.0.0.1:8000/stock','127.0.0.1','Mozilla/5.0 (X11; Linux x86_64) AppleWebKit/537.36 (KHTML, like Gecko) Chrome/136.0.0.0 Safari/537.36',NULL,'2025-05-02 14:10:27','2025-05-02 14:10:27');
INSERT INTO audits VALUES(20,'App\Models\User',2,'created','App\Models\Stock',8,'[]','{"pharmacy_id":"1","staff_id":2,"item_id":"2","quantity":"47","buying_price":"307","selling_price":"507","remain_Quantity":"47","low_stock_percentage":"30","in_date":"2025-05-02 14:08:31","batch_number":"20250502","supplier":"New Supplier","expire_date":"2030-03-04","id":8}','http://127.0.0.1:8000/stock','127.0.0.1','Mozilla/5.0 (X11; Linux x86_64) AppleWebKit/537.36 (KHTML, like Gecko) Chrome/136.0.0.0 Safari/537.36',NULL,'2025-05-02 14:10:27','2025-05-02 14:10:27');
INSERT INTO audits VALUES(21,'App\Models\User',2,'created','App\Models\Stock',9,'[]','{"pharmacy_id":"1","staff_id":2,"item_id":"3","quantity":"65","buying_price":"409","selling_price":"609","remain_Quantity":"65","low_stock_percentage":"10","in_date":"2025-05-02 14:08:31","batch_number":"20250502","supplier":"New Supplier","expire_date":"2025-02-05","id":9}','http://127.0.0.1:8000/stock','127.0.0.1','Mozilla/5.0 (X11; Linux x86_64) AppleWebKit/537.36 (KHTML, like Gecko) Chrome/136.0.0.0 Safari/537.36',NULL,'2025-05-02 14:10:27','2025-05-02 14:10:27');
INSERT INTO audits VALUES(22,'App\Models\User',2,'updated','App\Models\Stock',9,'{"expire_date":"2025-02-05"}','{"expire_date":"2025-02-07"}','http://127.0.0.1:8000/stock?9=','127.0.0.1','Mozilla/5.0 (X11; Linux x86_64) AppleWebKit/537.36 (KHTML, like Gecko) Chrome/136.0.0.0 Safari/537.36',NULL,'2025-05-02 14:10:43','2025-05-02 14:10:43');
INSERT INTO audits VALUES(23,'App\Models\User',2,'updated','App\Models\Stock',9,'{"expire_date":"2025-02-07"}','{"expire_date":"2025-07-07"}','http://127.0.0.1:8000/stock?9=','127.0.0.1','Mozilla/5.0 (X11; Linux x86_64) AppleWebKit/537.36 (KHTML, like Gecko) Chrome/136.0.0.0 Safari/537.36',NULL,'2025-05-02 14:11:10','2025-05-02 14:11:10');
INSERT INTO audits VALUES(24,'App\Models\User',2,'updated','App\Models\Stock',3,'{"low_stock_percentage":100}','{"low_stock_percentage":"10"}','http://127.0.0.1:8000/stock?3=','127.0.0.1','Mozilla/5.0 (X11; Linux x86_64) AppleWebKit/537.36 (KHTML, like Gecko) Chrome/136.0.0.0 Safari/537.36',NULL,'2025-05-02 14:11:21','2025-05-02 14:11:21');
INSERT INTO audits VALUES(25,'App\Models\User',2,'created','App\Models\Stock',10,'[]','{"pharmacy_id":"1","staff_id":2,"item_id":"1","quantity":"33","buying_price":"600","selling_price":"5000","remain_Quantity":"33","low_stock_percentage":"10","in_date":"2025-05-02 15:41:50","batch_number":"20250502","supplier":"New Supplier","expire_date":"2028-02-06","id":10}','http://127.0.0.1:8000/stock','127.0.0.1','Mozilla/5.0 (X11; Linux x86_64) AppleWebKit/537.36 (KHTML, like Gecko) Chrome/136.0.0.0 Safari/537.36',NULL,'2025-05-02 15:42:28','2025-05-02 15:42:28');
INSERT INTO audits VALUES(26,'App\Models\User',2,'created','App\Models\Stock',11,'[]','{"pharmacy_id":"1","staff_id":2,"item_id":"1","quantity":"29","buying_price":"600","selling_price":"5000","remain_Quantity":"29","low_stock_percentage":"10","in_date":"2025-05-02 18:53:12","batch_number":"20250502","supplier":"Trial Supplier","expire_date":"2025-05-10","id":11}','http://127.0.0.1:8000/stock','127.0.0.1','Mozilla/5.0 (X11; Linux x86_64) AppleWebKit/537.36 (KHTML, like Gecko) Chrome/136.0.0.0 Safari/537.36',NULL,'2025-05-02 18:53:36','2025-05-02 18:53:36');
INSERT INTO audits VALUES(27,'App\Models\User',2,'created','App\Models\Stock',12,'[]','{"pharmacy_id":"1","staff_id":2,"item_id":"1","quantity":"57","buying_price":"600","selling_price":"5100","remain_Quantity":"57","low_stock_percentage":"10","in_date":"2025-05-02 18:53:37","batch_number":"20250502","supplier":"Trial Supplier","expire_date":"2025-05-05","id":12}','http://127.0.0.1:8000/stock','127.0.0.1','Mozilla/5.0 (X11; Linux x86_64) AppleWebKit/537.36 (KHTML, like Gecko) Chrome/136.0.0.0 Safari/537.36',NULL,'2025-05-02 19:01:25','2025-05-02 19:01:25');
INSERT INTO audits VALUES(28,'App\Models\User',2,'updated','App\Models\Stock',12,'{"remain_Quantity":57}','{"remain_Quantity":0}','http://127.0.0.1:8000/sales','127.0.0.1','Mozilla/5.0 (X11; Linux x86_64) AppleWebKit/537.36 (KHTML, like Gecko) Chrome/136.0.0.0 Safari/537.36',NULL,'2025-05-02 19:07:42','2025-05-02 19:07:42');
INSERT INTO audits VALUES(29,'App\Models\User',2,'updated','App\Models\Stock',12,'{"remain_Quantity":57}','{"remain_Quantity":0}','http://127.0.0.1:8000/sales','127.0.0.1','Mozilla/5.0 (X11; Linux x86_64) AppleWebKit/537.36 (KHTML, like Gecko) Chrome/136.0.0.0 Safari/537.36',NULL,'2025-05-02 19:14:02','2025-05-02 19:14:02');
INSERT INTO audits VALUES(30,'App\Models\User',2,'created','App\Models\Sales',2,'[]','{"pharmacy_id":"1","staff_id":2,"item_id":"1","quantity":57,"total_price":"5100","date":"2025-05-02 19:31:23","stock_id":12,"id":2}','http://127.0.0.1:8000/sales','127.0.0.1','Mozilla/5.0 (X11; Linux x86_64) AppleWebKit/537.36 (KHTML, like Gecko) Chrome/136.0.0.0 Safari/537.36',NULL,'2025-05-02 19:31:55','2025-05-02 19:31:55');
INSERT INTO audits VALUES(31,'App\Models\User',2,'updated','App\Models\Stock',12,'{"remain_Quantity":57}','{"remain_Quantity":0}','http://127.0.0.1:8000/sales','127.0.0.1','Mozilla/5.0 (X11; Linux x86_64) AppleWebKit/537.36 (KHTML, like Gecko) Chrome/136.0.0.0 Safari/537.36',NULL,'2025-05-02 19:31:55','2025-05-02 19:31:55');
INSERT INTO audits VALUES(32,'App\Models\User',2,'created','App\Models\Sales',3,'[]','{"pharmacy_id":"1","staff_id":2,"item_id":"1","quantity":5,"total_price":"5100","date":"2025-05-02 19:31:23","stock_id":3,"id":3}','http://127.0.0.1:8000/sales','127.0.0.1','Mozilla/5.0 (X11; Linux x86_64) AppleWebKit/537.36 (KHTML, like Gecko) Chrome/136.0.0.0 Safari/537.36',NULL,'2025-05-02 19:31:55','2025-05-02 19:31:55');
INSERT INTO audits VALUES(33,'App\Models\User',2,'updated','App\Models\Stock',3,'{"remain_Quantity":45}','{"remain_Quantity":40}','http://127.0.0.1:8000/sales','127.0.0.1','Mozilla/5.0 (X11; Linux x86_64) AppleWebKit/537.36 (KHTML, like Gecko) Chrome/136.0.0.0 Safari/537.36',NULL,'2025-05-02 19:31:55','2025-05-02 19:31:55');
INSERT INTO audits VALUES(34,'App\Models\User',2,'created','App\Models\PrinterSetting',1,'[]','{"name":"Printer","ip_address":"192.168.1.1","computer_name":"Computer Name","port":9100,"pharmacy_id":"1","use_printer":false,"id":1}','http://127.0.0.1:8000/sales','127.0.0.1','Mozilla/5.0 (X11; Linux x86_64) AppleWebKit/537.36 (KHTML, like Gecko) Chrome/136.0.0.0 Safari/537.36',NULL,'2025-05-02 19:31:55','2025-05-02 19:31:55');
INSERT INTO audits VALUES(35,'App\Models\User',2,'created','App\Models\Sales',4,'[]','{"pharmacy_id":"1","staff_id":2,"item_id":"1","quantity":"10","total_price":"5100","date":"2025-05-02 19:31:58","stock_id":3,"id":4}','http://127.0.0.1:8000/sales','127.0.0.1','Mozilla/5.0 (X11; Linux x86_64) AppleWebKit/537.36 (KHTML, like Gecko) Chrome/136.0.0.0 Safari/537.36',NULL,'2025-05-02 19:32:43','2025-05-02 19:32:43');
INSERT INTO audits VALUES(36,'App\Models\User',2,'updated','App\Models\Stock',3,'{"remain_Quantity":40}','{"remain_Quantity":30}','http://127.0.0.1:8000/sales','127.0.0.1','Mozilla/5.0 (X11; Linux x86_64) AppleWebKit/537.36 (KHTML, like Gecko) Chrome/136.0.0.0 Safari/537.36',NULL,'2025-05-02 19:32:43','2025-05-02 19:32:43');
INSERT INTO audits VALUES(37,'App\Models\User',2,'created','App\Models\SalesReturn',1,'[]','{"sale_id":"4","quantity":"10","refund_amount":5100,"reason":null,"return_status":"pending","pharmacy_id":"1","staff_id":2,"date":"2025-05-02T16:43:47.896446Z","id":1}','http://127.0.0.1:8000/salesReturns/store','127.0.0.1','Mozilla/5.0 (X11; Linux x86_64) AppleWebKit/537.36 (KHTML, like Gecko) Chrome/136.0.0.0 Safari/537.36',NULL,'2025-05-02 19:43:47','2025-05-02 19:43:47');
INSERT INTO audits VALUES(38,'App\Models\User',2,'created','App\Models\SalesReturn',2,'[]','{"sale_id":"3","quantity":"5","refund_amount":5100,"reason":null,"return_status":"pending","pharmacy_id":"1","staff_id":2,"date":"2025-05-02T16:43:54.494804Z","id":2}','http://127.0.0.1:8000/salesReturns/store','127.0.0.1','Mozilla/5.0 (X11; Linux x86_64) AppleWebKit/537.36 (KHTML, like Gecko) Chrome/136.0.0.0 Safari/537.36',NULL,'2025-05-02 19:43:54','2025-05-02 19:43:54');
INSERT INTO audits VALUES(39,'App\Models\User',2,'created','App\Models\SalesReturn',3,'[]','{"sale_id":"2","quantity":"57","refund_amount":5100,"reason":null,"return_status":"pending","pharmacy_id":"1","staff_id":2,"date":"2025-05-02T16:44:03.059678Z","id":3}','http://127.0.0.1:8000/salesReturns/store','127.0.0.1','Mozilla/5.0 (X11; Linux x86_64) AppleWebKit/537.36 (KHTML, like Gecko) Chrome/136.0.0.0 Safari/537.36',NULL,'2025-05-02 19:44:03','2025-05-02 19:44:03');
INSERT INTO audits VALUES(40,'App\Models\User',2,'created','App\Models\SalesReturn',4,'[]','{"sale_id":"1","quantity":"400","refund_amount":2000000,"reason":null,"return_status":"pending","pharmacy_id":"1","staff_id":2,"date":"2025-05-02T16:44:24.485844Z","id":4}','http://127.0.0.1:8000/salesReturns/store','127.0.0.1','Mozilla/5.0 (X11; Linux x86_64) AppleWebKit/537.36 (KHTML, like Gecko) Chrome/136.0.0.0 Safari/537.36',NULL,'2025-05-02 19:44:24','2025-05-02 19:44:24');
INSERT INTO audits VALUES(41,'App\Models\User',2,'updated','App\Models\SalesReturn',4,'{"return_status":"pending","approved_by":null}','{"return_status":"rejected","approved_by":2}','http://127.0.0.1:8000/salesReturns/update','127.0.0.1','Mozilla/5.0 (X11; Linux x86_64) AppleWebKit/537.36 (KHTML, like Gecko) Chrome/136.0.0.0 Safari/537.36',NULL,'2025-05-02 19:44:44','2025-05-02 19:44:44');
INSERT INTO audits VALUES(42,'App\Models\User',2,'updated','App\Models\SalesReturn',3,'{"return_status":"pending","approved_by":null}','{"return_status":"approved","approved_by":2}','http://127.0.0.1:8000/salesReturns/update','127.0.0.1','Mozilla/5.0 (X11; Linux x86_64) AppleWebKit/537.36 (KHTML, like Gecko) Chrome/136.0.0.0 Safari/537.36',NULL,'2025-05-02 19:44:47','2025-05-02 19:44:47');
INSERT INTO audits VALUES(43,'App\Models\User',2,'updated','App\Models\Stock',12,'{"remain_Quantity":0}','{"remain_Quantity":57}','http://127.0.0.1:8000/salesReturns/update','127.0.0.1','Mozilla/5.0 (X11; Linux x86_64) AppleWebKit/537.36 (KHTML, like Gecko) Chrome/136.0.0.0 Safari/537.36',NULL,'2025-05-02 19:44:47','2025-05-02 19:44:47');
INSERT INTO audits VALUES(44,'App\Models\User',2,'deleted','App\Models\SalesReturn',3,'{"id":3,"sale_id":2,"pharmacy_id":1,"staff_id":2,"quantity":57,"refund_amount":5100,"reason":null,"return_status":"approved","approved_by":2,"date":"2025-05-02 19:44:03"}','[]','http://127.0.0.1:8000/salesReturns/update','127.0.0.1','Mozilla/5.0 (X11; Linux x86_64) AppleWebKit/537.36 (KHTML, like Gecko) Chrome/136.0.0.0 Safari/537.36',NULL,'2025-05-02 19:44:47','2025-05-02 19:44:47');
INSERT INTO audits VALUES(45,'App\Models\User',2,'deleted','App\Models\Sales',2,'{"id":2,"pharmacy_id":1,"item_id":1,"staff_id":2,"stock_id":12,"quantity":57,"total_price":5100,"date":"2025-05-02 19:31:23"}','[]','http://127.0.0.1:8000/salesReturns/update','127.0.0.1','Mozilla/5.0 (X11; Linux x86_64) AppleWebKit/537.36 (KHTML, like Gecko) Chrome/136.0.0.0 Safari/537.36',NULL,'2025-05-02 19:44:47','2025-05-02 19:44:47');
INSERT INTO audits VALUES(46,'App\Models\User',2,'updated','App\Models\SalesReturn',2,'{"return_status":"pending","approved_by":null}','{"return_status":"approved","approved_by":2}','http://127.0.0.1:8000/salesReturns/update','127.0.0.1','Mozilla/5.0 (X11; Linux x86_64) AppleWebKit/537.36 (KHTML, like Gecko) Chrome/136.0.0.0 Safari/537.36',NULL,'2025-05-02 19:44:49','2025-05-02 19:44:49');
INSERT INTO audits VALUES(47,'App\Models\User',2,'updated','App\Models\Stock',3,'{"remain_Quantity":30}','{"remain_Quantity":35}','http://127.0.0.1:8000/salesReturns/update','127.0.0.1','Mozilla/5.0 (X11; Linux x86_64) AppleWebKit/537.36 (KHTML, like Gecko) Chrome/136.0.0.0 Safari/537.36',NULL,'2025-05-02 19:44:49','2025-05-02 19:44:49');
INSERT INTO audits VALUES(48,'App\Models\User',2,'deleted','App\Models\SalesReturn',2,'{"id":2,"sale_id":3,"pharmacy_id":1,"staff_id":2,"quantity":5,"refund_amount":5100,"reason":null,"return_status":"approved","approved_by":2,"date":"2025-05-02 19:43:54"}','[]','http://127.0.0.1:8000/salesReturns/update','127.0.0.1','Mozilla/5.0 (X11; Linux x86_64) AppleWebKit/537.36 (KHTML, like Gecko) Chrome/136.0.0.0 Safari/537.36',NULL,'2025-05-02 19:44:49','2025-05-02 19:44:49');
INSERT INTO audits VALUES(49,'App\Models\User',2,'deleted','App\Models\Sales',3,'{"id":3,"pharmacy_id":1,"item_id":1,"staff_id":2,"stock_id":3,"quantity":5,"total_price":5100,"date":"2025-05-02 19:31:23"}','[]','http://127.0.0.1:8000/salesReturns/update','127.0.0.1','Mozilla/5.0 (X11; Linux x86_64) AppleWebKit/537.36 (KHTML, like Gecko) Chrome/136.0.0.0 Safari/537.36',NULL,'2025-05-02 19:44:49','2025-05-02 19:44:49');
INSERT INTO audits VALUES(50,'App\Models\User',2,'updated','App\Models\SalesReturn',1,'{"return_status":"pending","approved_by":null}','{"return_status":"approved","approved_by":2}','http://127.0.0.1:8000/salesReturns/update','127.0.0.1','Mozilla/5.0 (X11; Linux x86_64) AppleWebKit/537.36 (KHTML, like Gecko) Chrome/136.0.0.0 Safari/537.36',NULL,'2025-05-02 19:44:52','2025-05-02 19:44:52');
INSERT INTO audits VALUES(51,'App\Models\User',2,'updated','App\Models\Stock',3,'{"remain_Quantity":35}','{"remain_Quantity":45}','http://127.0.0.1:8000/salesReturns/update','127.0.0.1','Mozilla/5.0 (X11; Linux x86_64) AppleWebKit/537.36 (KHTML, like Gecko) Chrome/136.0.0.0 Safari/537.36',NULL,'2025-05-02 19:44:52','2025-05-02 19:44:52');
INSERT INTO audits VALUES(52,'App\Models\User',2,'deleted','App\Models\SalesReturn',1,'{"id":1,"sale_id":4,"pharmacy_id":1,"staff_id":2,"quantity":10,"refund_amount":5100,"reason":null,"return_status":"approved","approved_by":2,"date":"2025-05-02 19:43:47"}','[]','http://127.0.0.1:8000/salesReturns/update','127.0.0.1','Mozilla/5.0 (X11; Linux x86_64) AppleWebKit/537.36 (KHTML, like Gecko) Chrome/136.0.0.0 Safari/537.36',NULL,'2025-05-02 19:44:52','2025-05-02 19:44:52');
INSERT INTO audits VALUES(53,'App\Models\User',2,'deleted','App\Models\Sales',4,'{"id":4,"pharmacy_id":1,"item_id":1,"staff_id":2,"stock_id":3,"quantity":10,"total_price":5100,"date":"2025-05-02 19:31:58"}','[]','http://127.0.0.1:8000/salesReturns/update','127.0.0.1','Mozilla/5.0 (X11; Linux x86_64) AppleWebKit/537.36 (KHTML, like Gecko) Chrome/136.0.0.0 Safari/537.36',NULL,'2025-05-02 19:44:52','2025-05-02 19:44:52');
INSERT INTO audits VALUES(54,'App\Models\User',2,'updated','App\Models\Notification',8822,'{"read_at":null}','{"read_at":"2025-05-02T16:45:04.969366Z"}','http://127.0.0.1:8000/notifications/readAll','127.0.0.1','Mozilla/5.0 (X11; Linux x86_64) AppleWebKit/537.36 (KHTML, like Gecko) Chrome/136.0.0.0 Safari/537.36',NULL,'2025-05-02 19:45:04','2025-05-02 19:45:04');
INSERT INTO audits VALUES(55,'App\Models\User',2,'updated','App\Models\Notification',97385,'{"read_at":null}','{"read_at":"2025-05-02T16:45:05.013775Z"}','http://127.0.0.1:8000/notifications/readAll','127.0.0.1','Mozilla/5.0 (X11; Linux x86_64) AppleWebKit/537.36 (KHTML, like Gecko) Chrome/136.0.0.0 Safari/537.36',NULL,'2025-05-02 19:45:05','2025-05-02 19:45:05');
INSERT INTO audits VALUES(56,'App\Models\User',2,'updated','App\Models\Notification',4,'{"read_at":null}','{"read_at":"2025-05-02T16:45:05.036305Z"}','http://127.0.0.1:8000/notifications/readAll','127.0.0.1','Mozilla/5.0 (X11; Linux x86_64) AppleWebKit/537.36 (KHTML, like Gecko) Chrome/136.0.0.0 Safari/537.36',NULL,'2025-05-02 19:45:05','2025-05-02 19:45:05');
INSERT INTO audits VALUES(57,'App\Models\User',2,'updated','App\Models\Notification',0,'{"read_at":null}','{"read_at":"2025-05-02T16:45:05.059463Z"}','http://127.0.0.1:8000/notifications/readAll','127.0.0.1','Mozilla/5.0 (X11; Linux x86_64) AppleWebKit/537.36 (KHTML, like Gecko) Chrome/136.0.0.0 Safari/537.36',NULL,'2025-05-02 19:45:05','2025-05-02 19:45:05');
INSERT INTO audits VALUES(58,'App\Models\User',2,'updated','App\Models\Notification',0,'{"read_at":null}','{"read_at":"2025-05-02T16:45:05.093716Z"}','http://127.0.0.1:8000/notifications/readAll','127.0.0.1','Mozilla/5.0 (X11; Linux x86_64) AppleWebKit/537.36 (KHTML, like Gecko) Chrome/136.0.0.0 Safari/537.36',NULL,'2025-05-02 19:45:05','2025-05-02 19:45:05');
INSERT INTO audits VALUES(59,'App\Models\User',2,'updated','App\Models\Notification',0,'{"read_at":null}','{"read_at":"2025-05-02T16:45:05.120823Z"}','http://127.0.0.1:8000/notifications/readAll','127.0.0.1','Mozilla/5.0 (X11; Linux x86_64) AppleWebKit/537.36 (KHTML, like Gecko) Chrome/136.0.0.0 Safari/537.36',NULL,'2025-05-02 19:45:05','2025-05-02 19:45:05');
INSERT INTO audits VALUES(60,'App\Models\User',2,'updated','App\Models\Notification',1,'{"read_at":null}','{"read_at":"2025-05-02T16:45:05.144299Z"}','http://127.0.0.1:8000/notifications/readAll','127.0.0.1','Mozilla/5.0 (X11; Linux x86_64) AppleWebKit/537.36 (KHTML, like Gecko) Chrome/136.0.0.0 Safari/537.36',NULL,'2025-05-02 19:45:05','2025-05-02 19:45:05');
INSERT INTO audits VALUES(61,'App\Models\User',2,'updated','App\Models\Notification',42,'{"read_at":null}','{"read_at":"2025-05-02T16:45:05.170198Z"}','http://127.0.0.1:8000/notifications/readAll','127.0.0.1','Mozilla/5.0 (X11; Linux x86_64) AppleWebKit/537.36 (KHTML, like Gecko) Chrome/136.0.0.0 Safari/537.36',NULL,'2025-05-02 19:45:05','2025-05-02 19:45:05');
INSERT INTO audits VALUES(62,'App\Models\User',2,'created','App\Models\Sales',5,'[]','{"pharmacy_id":"1","staff_id":2,"item_id":"1","quantity":29,"total_price":"5000","date":"2025-05-02 19:45:13","stock_id":11,"id":5}','http://127.0.0.1:8000/sales','127.0.0.1','Mozilla/5.0 (X11; Linux x86_64) AppleWebKit/537.36 (KHTML, like Gecko) Chrome/136.0.0.0 Safari/537.36',NULL,'2025-05-02 19:48:18','2025-05-02 19:48:18');
INSERT INTO audits VALUES(63,'App\Models\User',2,'updated','App\Models\Stock',11,'{"remain_Quantity":29}','{"remain_Quantity":0}','http://127.0.0.1:8000/sales','127.0.0.1','Mozilla/5.0 (X11; Linux x86_64) AppleWebKit/537.36 (KHTML, like Gecko) Chrome/136.0.0.0 Safari/537.36',NULL,'2025-05-02 19:48:18','2025-05-02 19:48:18');
INSERT INTO audits VALUES(64,'App\Models\User',2,'created','App\Models\Sales',6,'[]','{"pharmacy_id":"1","staff_id":2,"item_id":"1","quantity":31,"total_price":"5000","date":"2025-05-02 19:45:13","stock_id":1,"id":6}','http://127.0.0.1:8000/sales','127.0.0.1','Mozilla/5.0 (X11; Linux x86_64) AppleWebKit/537.36 (KHTML, like Gecko) Chrome/136.0.0.0 Safari/537.36',NULL,'2025-05-02 19:48:18','2025-05-02 19:48:18');
INSERT INTO audits VALUES(65,'App\Models\User',2,'updated','App\Models\Stock',1,'{"remain_Quantity":5000}','{"remain_Quantity":4969}','http://127.0.0.1:8000/sales','127.0.0.1','Mozilla/5.0 (X11; Linux x86_64) AppleWebKit/537.36 (KHTML, like Gecko) Chrome/136.0.0.0 Safari/537.36',NULL,'2025-05-02 19:48:19','2025-05-02 19:48:19');
INSERT INTO audits VALUES(66,'App\Models\User',2,'created','App\Models\Sales',7,'[]','{"pharmacy_id":"1","staff_id":2,"item_id":"1","quantity":57,"total_price":"5100","date":"2025-05-02 19:45:13","stock_id":12,"id":7}','http://127.0.0.1:8000/sales','127.0.0.1','Mozilla/5.0 (X11; Linux x86_64) AppleWebKit/537.36 (KHTML, like Gecko) Chrome/136.0.0.0 Safari/537.36',NULL,'2025-05-02 19:48:19','2025-05-02 19:48:19');
INSERT INTO audits VALUES(67,'App\Models\User',2,'updated','App\Models\Stock',12,'{"remain_Quantity":57}','{"remain_Quantity":0}','http://127.0.0.1:8000/sales','127.0.0.1','Mozilla/5.0 (X11; Linux x86_64) AppleWebKit/537.36 (KHTML, like Gecko) Chrome/136.0.0.0 Safari/537.36',NULL,'2025-05-02 19:48:19','2025-05-02 19:48:19');
INSERT INTO audits VALUES(68,'App\Models\User',2,'created','App\Models\Sales',8,'[]','{"pharmacy_id":"1","staff_id":2,"item_id":"1","quantity":5,"total_price":"5100","date":"2025-05-02 19:45:13","stock_id":3,"id":8}','http://127.0.0.1:8000/sales','127.0.0.1','Mozilla/5.0 (X11; Linux x86_64) AppleWebKit/537.36 (KHTML, like Gecko) Chrome/136.0.0.0 Safari/537.36',NULL,'2025-05-02 19:48:19','2025-05-02 19:48:19');
INSERT INTO audits VALUES(69,'App\Models\User',2,'updated','App\Models\Stock',3,'{"remain_Quantity":45}','{"remain_Quantity":40}','http://127.0.0.1:8000/sales','127.0.0.1','Mozilla/5.0 (X11; Linux x86_64) AppleWebKit/537.36 (KHTML, like Gecko) Chrome/136.0.0.0 Safari/537.36',NULL,'2025-05-02 19:48:19','2025-05-02 19:48:19');
INSERT INTO audits VALUES(70,'App\Models\User',2,'created','App\Models\Sales',9,'[]','{"pharmacy_id":"1","staff_id":2,"item_id":"2","quantity":234,"total_price":"500","date":"2025-05-02 19:45:13","stock_id":4,"id":9}','http://127.0.0.1:8000/sales','127.0.0.1','Mozilla/5.0 (X11; Linux x86_64) AppleWebKit/537.36 (KHTML, like Gecko) Chrome/136.0.0.0 Safari/537.36',NULL,'2025-05-02 19:48:19','2025-05-02 19:48:19');
INSERT INTO audits VALUES(71,'App\Models\User',2,'updated','App\Models\Stock',4,'{"remain_Quantity":234}','{"remain_Quantity":0}','http://127.0.0.1:8000/sales','127.0.0.1','Mozilla/5.0 (X11; Linux x86_64) AppleWebKit/537.36 (KHTML, like Gecko) Chrome/136.0.0.0 Safari/537.36',NULL,'2025-05-02 19:48:19','2025-05-02 19:48:19');
INSERT INTO audits VALUES(72,'App\Models\User',2,'created','App\Models\Sales',10,'[]','{"pharmacy_id":"1","staff_id":2,"item_id":"2","quantity":6,"total_price":"500","date":"2025-05-02 19:45:13","stock_id":6,"id":10}','http://127.0.0.1:8000/sales','127.0.0.1','Mozilla/5.0 (X11; Linux x86_64) AppleWebKit/537.36 (KHTML, like Gecko) Chrome/136.0.0.0 Safari/537.36',NULL,'2025-05-02 19:48:19','2025-05-02 19:48:19');
INSERT INTO audits VALUES(73,'App\Models\User',2,'updated','App\Models\Stock',6,'{"remain_Quantity":444}','{"remain_Quantity":438}','http://127.0.0.1:8000/sales','127.0.0.1','Mozilla/5.0 (X11; Linux x86_64) AppleWebKit/537.36 (KHTML, like Gecko) Chrome/136.0.0.0 Safari/537.36',NULL,'2025-05-02 19:48:19','2025-05-02 19:48:19');
INSERT INTO audits VALUES(74,'App\Models\User',2,'updated','App\Models\PrinterSetting',1,'{"use_printer":0}','{"use_printer":"1"}','http://127.0.0.1:8000/printer/update-status','127.0.0.1','Mozilla/5.0 (X11; Linux x86_64) AppleWebKit/537.36 (KHTML, like Gecko) Chrome/136.0.0.0 Safari/537.36',NULL,'2025-05-02 19:48:56','2025-05-02 19:48:56');
INSERT INTO audits VALUES(75,'App\Models\User',2,'updated','App\Models\User',2,'{"remember_token":"fJnaRqbj2h"}','{"remember_token":"qiTDcswhvGssQvd3RnQTstOMelD0zsiqNt0S5DiB6jLRKY6Cw6u1qKfjT80q"}','http://127.0.0.1:8000/logout','127.0.0.1','Mozilla/5.0 (X11; Linux x86_64) AppleWebKit/537.36 (KHTML, like Gecko) Chrome/136.0.0.0 Safari/537.36',NULL,'2025-05-02 19:51:34','2025-05-02 19:51:34');
INSERT INTO audits VALUES(76,NULL,2,'logout','App\Models\User',2,'[]','{"logged_out_at":"2025-05-02T16:51:34.938078Z"}','http://127.0.0.1:8000/logout','127.0.0.1','Mozilla/5.0 (X11; Linux x86_64) AppleWebKit/537.36 (KHTML, like Gecko) Chrome/136.0.0.0 Safari/537.36',NULL,'2025-05-02 19:51:34','2025-05-02 19:51:34');
INSERT INTO audits VALUES(77,NULL,2,'logout','App\Models\User',2,'[]','{"logged_out_at":"2025-05-02T16:51:34.998055Z"}','http://127.0.0.1:8000/logout','127.0.0.1','Mozilla/5.0 (X11; Linux x86_64) AppleWebKit/537.36 (KHTML, like Gecko) Chrome/136.0.0.0 Safari/537.36',NULL,'2025-05-02 19:51:34','2025-05-02 19:51:34');
INSERT INTO audits VALUES(78,NULL,2,'login','App\Models\User',2,'[]','{"logged_in_at":"2025-05-02T16:57:00.362214Z"}','http://127.0.0.1:8000/login','127.0.0.1','Mozilla/5.0 (X11; Linux x86_64) AppleWebKit/537.36 (KHTML, like Gecko) Chrome/136.0.0.0 Safari/537.36',NULL,'2025-05-02 19:57:00','2025-05-02 19:57:00');
INSERT INTO audits VALUES(79,NULL,2,'login','App\Models\User',2,'[]','{"logged_in_at":"2025-05-02T16:57:00.404860Z"}','http://127.0.0.1:8000/login','127.0.0.1','Mozilla/5.0 (X11; Linux x86_64) AppleWebKit/537.36 (KHTML, like Gecko) Chrome/136.0.0.0 Safari/537.36',NULL,'2025-05-02 19:57:00','2025-05-02 19:57:00');
INSERT INTO audits VALUES(80,'App\Models\User',2,'updated','App\Models\PrinterSetting',1,'{"use_printer":1}','{"use_printer":"0"}','http://127.0.0.1:8000/printer/update-status','127.0.0.1','Mozilla/5.0 (X11; Linux x86_64) AppleWebKit/537.36 (KHTML, like Gecko) Chrome/136.0.0.0 Safari/537.36',NULL,'2025-05-02 20:04:50','2025-05-02 20:04:50');
INSERT INTO audits VALUES(81,NULL,NULL,'updated','App\Models\User',2,'{"password":"$2y$12$lloSS0tidcdtc7mkeSHfR.oDU7y297o4rA\/\/TtgA..re18xPPeJhG"}','{"password":"$2y$12$niVCv6RhBG\/VnpbMNVWaA.oMxvtpFKZsliLCmUkfeLzbK0ucgtfdq"}','http://127.0.0.1:8000/reset-password','127.0.0.1','Mozilla/5.0 (X11; Linux x86_64) AppleWebKit/537.36 (KHTML, like Gecko) Chrome/139.0.0.0 Safari/537.36',NULL,'2025-08-19 09:31:22','2025-08-19 09:31:22');
INSERT INTO audits VALUES(82,NULL,NULL,'updated','App\Models\User',2,'{"remember_token":"qiTDcswhvGssQvd3RnQTstOMelD0zsiqNt0S5DiB6jLRKY6Cw6u1qKfjT80q"}','{"remember_token":"eflUDTG20tMmblqJvWDHMRjrW6Myep7EkgAOlfMFPlk4xQ423ocKa7tGjMBj"}','http://127.0.0.1:8000/reset-password','127.0.0.1','Mozilla/5.0 (X11; Linux x86_64) AppleWebKit/537.36 (KHTML, like Gecko) Chrome/139.0.0.0 Safari/537.36',NULL,'2025-08-19 09:31:22','2025-08-19 09:31:22');
INSERT INTO audits VALUES(83,NULL,2,'login','App\Models\User',2,'[]','{"logged_in_at":"2025-08-19T06:31:31.187802Z"}','http://127.0.0.1:8000/login','127.0.0.1','Mozilla/5.0 (X11; Linux x86_64) AppleWebKit/537.36 (KHTML, like Gecko) Chrome/139.0.0.0 Safari/537.36',NULL,'2025-08-19 09:31:31','2025-08-19 09:31:31');
INSERT INTO audits VALUES(84,NULL,2,'login','App\Models\User',2,'[]','{"logged_in_at":"2025-08-19T06:31:31.223353Z"}','http://127.0.0.1:8000/login','127.0.0.1','Mozilla/5.0 (X11; Linux x86_64) AppleWebKit/537.36 (KHTML, like Gecko) Chrome/139.0.0.0 Safari/537.36',NULL,'2025-08-19 09:31:31','2025-08-19 09:31:31');
INSERT INTO audits VALUES(85,'App\Models\User',2,'created','App\Models\Sales',11,'[]','{"pharmacy_id":"1","staff_id":2,"item_id":"1","quantity":"500","total_price":"5000","date":"2025-08-19 10:04:53","stock_id":1,"id":11}','http://127.0.0.1:8000/sales','127.0.0.1','Mozilla/5.0 (X11; Linux x86_64) AppleWebKit/537.36 (KHTML, like Gecko) Chrome/139.0.0.0 Safari/537.36',NULL,'2025-08-19 10:13:03','2025-08-19 10:13:03');
INSERT INTO audits VALUES(86,'App\Models\User',2,'updated','App\Models\Stock',1,'{"remain_Quantity":4969}','{"remain_Quantity":4469}','http://127.0.0.1:8000/sales','127.0.0.1','Mozilla/5.0 (X11; Linux x86_64) AppleWebKit/537.36 (KHTML, like Gecko) Chrome/139.0.0.0 Safari/537.36',NULL,'2025-08-19 10:13:03','2025-08-19 10:13:03');
INSERT INTO audits VALUES(87,'App\Models\User',2,'created','App\Models\Sales',12,'[]','{"pharmacy_id":"1","staff_id":2,"item_id":"1","quantity":"30","total_price":"5100","date":"2025-08-19 10:13:03","stock_id":3,"id":12}','http://127.0.0.1:8000/sales','127.0.0.1','Mozilla/5.0 (X11; Linux x86_64) AppleWebKit/537.36 (KHTML, like Gecko) Chrome/139.0.0.0 Safari/537.36',NULL,'2025-08-19 10:13:52','2025-08-19 10:13:52');
INSERT INTO audits VALUES(88,'App\Models\User',2,'updated','App\Models\Stock',3,'{"remain_Quantity":40}','{"remain_Quantity":10}','http://127.0.0.1:8000/sales','127.0.0.1','Mozilla/5.0 (X11; Linux x86_64) AppleWebKit/537.36 (KHTML, like Gecko) Chrome/139.0.0.0 Safari/537.36',NULL,'2025-08-19 10:13:52','2025-08-19 10:13:52');
INSERT INTO audits VALUES(89,'App\Models\User',2,'created','App\Models\Sales',13,'[]','{"pharmacy_id":"1","staff_id":2,"item_id":"2","quantity":"40","total_price":"507","date":"2025-08-19 10:13:03","stock_id":8,"id":13}','http://127.0.0.1:8000/sales','127.0.0.1','Mozilla/5.0 (X11; Linux x86_64) AppleWebKit/537.36 (KHTML, like Gecko) Chrome/139.0.0.0 Safari/537.36',NULL,'2025-08-19 10:13:53','2025-08-19 10:13:53');
INSERT INTO audits VALUES(90,'App\Models\User',2,'updated','App\Models\Stock',8,'{"remain_Quantity":47}','{"remain_Quantity":7}','http://127.0.0.1:8000/sales','127.0.0.1','Mozilla/5.0 (X11; Linux x86_64) AppleWebKit/537.36 (KHTML, like Gecko) Chrome/139.0.0.0 Safari/537.36',NULL,'2025-08-19 10:13:53','2025-08-19 10:13:53');
CREATE TABLE IF NOT EXISTS "stock_transfers" ("id" integer primary key autoincrement not null, "stock_id" integer not null, "from_pharmacy_id" integer not null, "to_pharmacy_id" integer, "to_pharmacy_name" varchar, "to_pharmacy_tin" varchar, "notes" varchar, "quantity" integer not null, "transfer_date" datetime not null default CURRENT_TIMESTAMP, "status" varchar check ("status" in ('pending', 'completed')) not null default 'pending', "transferred_by" integer not null, "received_by" integer, "created_at" datetime, "updated_at" datetime, foreign key("stock_id") references "stocks"("id") on delete cascade, foreign key("from_pharmacy_id") references "pharmacies"("id") on delete cascade, foreign key("to_pharmacy_id") references "pharmacies"("id") on delete cascade, foreign key("transferred_by") references "users"("id") on delete cascade, foreign key("received_by") references "users"("id") on delete cascade);
DELETE FROM sqlite_sequence;
INSERT INTO sqlite_sequence VALUES('migrations',27);
INSERT INTO sqlite_sequence VALUES('pharmacies',1);
INSERT INTO sqlite_sequence VALUES('users',3);
INSERT INTO sqlite_sequence VALUES('packages',1);
INSERT INTO sqlite_sequence VALUES('categories',1);
INSERT INTO sqlite_sequence VALUES('items',3);
INSERT INTO sqlite_sequence VALUES('stocks',12);
INSERT INTO sqlite_sequence VALUES('staff',1);
INSERT INTO sqlite_sequence VALUES('sales',13);
INSERT INTO sqlite_sequence VALUES('audits',90);
INSERT INTO sqlite_sequence VALUES('contracts',1);
INSERT INTO sqlite_sequence VALUES('printer_settings',1);
INSERT INTO sqlite_sequence VALUES('sales_returns',4);
CREATE UNIQUE INDEX "users_email_unique" on "users" ("email");
CREATE INDEX "sessions_user_id_index" on "sessions" ("user_id");
CREATE INDEX "sessions_last_activity_index" on "sessions" ("last_activity");
CREATE INDEX "jobs_queue_index" on "jobs" ("queue");
CREATE UNIQUE INDEX "failed_jobs_uuid_unique" on "failed_jobs" ("uuid");
CREATE INDEX "personal_access_tokens_tokenable_type_tokenable_id_index" on "personal_access_tokens" ("tokenable_type", "tokenable_id");
CREATE UNIQUE INDEX "personal_access_tokens_token_unique" on "personal_access_tokens" ("token");
CREATE INDEX "notifications_notifiable_type_notifiable_id_index" on "notifications" ("notifiable_type", "notifiable_id");
CREATE UNIQUE INDEX "agents_user_id_unique" on "agents" ("user_id");
CREATE UNIQUE INDEX "agents_nin_unique" on "agents" ("NIN");
CREATE UNIQUE INDEX "agents_agent_code_unique" on "agents" ("agent_code");
CREATE INDEX "audits_auditable_type_auditable_id_index" on "audits" ("auditable_type", "auditable_id");
CREATE INDEX "audits_user_id_user_type_index" on "audits" ("user_id", "user_type");
COMMIT;
